{
  "pinn_price_rmse": 0.5083194283997772,
  "pinn_delta_mae": 0.008520336980622534,
  "pinn_gamma_mae": 0.0005341524779003222,
  "pinn_theta_mae": 0.3931144888798635,
  "pinn_vega_mae": 1.916453978687445,
  "pinn_rho_mae": 1.1448517313370146,
  "fd_delta_mae": 4.740124117304424e-09,
  "fd_gamma_mae": 5.04871515807556e-10,
  "fd_theta_mae": 7.663424417716416e-05,
  "fd_vega_mae": 6.503338402349917e-05,
  "fd_rho_mae": 4.861509697950823e-07,
  "mc_delta_mae": 0.0010137891661283545,
  "mc_gamma_mae": 0.0004244479485015816,
  "mc_theta_mae": 11.559727876329612,
  "mc_vega_mae": 0.26932924804699376,
  "mc_rho_mae": 0.06419437720451775
}