{
  "pinn_price_rmse": 4.849718694925902,
  "pinn_delta_mae": 0.06550121015340696,
  "pinn_gamma_mae": 0.004291129185883522,
  "pinn_theta_mae": 2.5792572847778987,
  "pinn_vega_mae": 18.19197349726192,
  "pinn_rho_mae": 8.017737556484965,
  "fd_delta_mae": 4.585787085510087e-09,
  "fd_gamma_mae": 4.570121527132648e-10,
  "fd_theta_mae": 0.0002054831435554878,
  "fd_vega_mae": 6.493151752067961e-05,
  "fd_rho_mae": 5.01491034351304e-07,
  "mc_delta_mae": 0.0014272382471719738,
  "mc_gamma_mae": 0.0005943209372059955,
  "mc_theta_mae": 11.454633319410217,
  "mc_vega_mae": 0.37530266205168755,
  "mc_rho_mae": 0.09022471206510702
}