{
  "pinn_price_rmse": 3.054123352692966,
  "pinn_delta_mae": 0.06351175084001803,
  "pinn_gamma_mae": 0.0024305030877007695,
  "pinn_theta_mae": 2.6201632796036254,
  "pinn_vega_mae": 6.9911378385756136,
  "pinn_rho_mae": 7.31150149080123,
  "fd_delta_mae": 4.708176416062904e-09,
  "fd_gamma_mae": 5.165785914356887e-10,
  "fd_theta_mae": 0.00012889255622785165,
  "fd_vega_mae": 6.534170843072802e-05,
  "fd_rho_mae": 4.943137220261382e-07,
  "mc_delta_mae": 0.0014336615185040948,
  "mc_gamma_mae": 0.0006022204338526725,
  "mc_theta_mae": 11.51931659620091,
  "mc_vega_mae": 0.3792525628667286,
  "mc_rho_mae": 0.0904283143806773
}