{
  "pinn_price_rmse": 0.8059968605224744,
  "pinn_delta_mae": 0.015286188226978057,
  "pinn_gamma_mae": 0.0010395010222058114,
  "pinn_theta_mae": 0.8133954716268705,
  "pinn_vega_mae": 4.328936162844355,
  "pinn_rho_mae": 1.8318317383146945,
  "fd_delta_mae": 4.740124117304424e-09,
  "fd_gamma_mae": 5.04871515807556e-10,
  "fd_theta_mae": 7.663424417716416e-05,
  "fd_vega_mae": 6.503338402349917e-05,
  "fd_rho_mae": 4.861509697950823e-07,
  "mc_delta_mae": 0.0010137891661283545,
  "mc_theta_mae": 0.06215799786704419,
  "mc_vega_mae": 0.26932924804699376,
  "mc_rho_mae": 0.06419437720451775
}