{
  "pinn_price_rmse": 0.6556901847713917,
  "pinn_delta_mae": 0.008877498185691371,
  "pinn_gamma_mae": 0.0005095689456546514,
  "pinn_theta_mae": 0.4392970761586337,
  "pinn_vega_mae": 2.337720292393613,
  "pinn_rho_mae": 1.2438416602344176,
  "fd_delta_mae": 4.6102501146432516e-09,
  "fd_gamma_mae": 4.597506371658409e-10,
  "fd_theta_mae": 11.562537693579769,
  "fd_vega_mae": 6.510050920087021e-05,
  "fd_rho_mae": 4.790562023248103e-07,
  "mc_delta_mae": 0.0014368390432015364,
  "mc_theta_mae": 11.560809440542357,
  "mc_vega_mae": 0.3832281582150429,
  "mc_rho_mae": 0.09003484272899041
}