{
  "pinn_price_rmse": 0.6728966422292817,
  "pinn_delta_mae": 0.00788499196435647,
  "pinn_gamma_mae": 0.00035181807967329216,
  "pinn_theta_mae": 11.35508199693847,
  "pinn_vega_mae": 1.6018081523803107,
  "pinn_rho_mae": 1.1021341407620644,
  "fd_delta_mae": 4.6102501146432516e-09,
  "fd_gamma_mae": 4.597506371658409e-10,
  "fd_theta_mae": 0.0001219949878225165,
  "fd_vega_mae": 6.510050920087021e-05,
  "fd_rho_mae": 4.790562023248103e-07,
  "mc_delta_mae": 0.0014368390432015364,
  "mc_theta_mae": 0.08963310393547136,
  "mc_vega_mae": 0.3832281582150429,
  "mc_rho_mae": 0.09003484272899041
}