{
  "pinn_price_rmse": 4.97904608419588,
  "pinn_delta_mae": 0.09226448146191274,
  "pinn_gamma_mae": 0.010848396939822784,
  "fd_delta_mae": 4.617533773690551e-09,
  "fd_gamma_mae": 3.6996189515479175e-10,
  "mc_delta_mae": 0.06273175654393308
}