{
  "pinn_price_rmse": 5.164697402905392,
  "pinn_delta_mae": 0.07579705057152884,
  "pinn_gamma_mae": 0.010945802257289871,
  "fd_delta_mae": 4.8131807287042595e-09,
  "fd_gamma_mae": 3.5426855190994024e-10,
  "mc_delta_mae": 0.06710662214968789
}